{
  "exp_0.65": {
    "message_1_r2": 0.9947255381945816,
    "message_2_r2": 0.9875788449187152
  },
  "exp_0.75": {
    "message_1_r2": 0.9955032922194741,
    "message_2_r2": 0.995092383198733
  },
  "exp_0.85": {
    "message_1_r2": 0.9706704261640878,
    "message_2_r2": 0.9752823679236736
  },
  "linear_0.65": {
    "message_1_r2": 0.9953932834298559,
    "message_2_r2": 0.9787955114733912
  },
  "linear_0.75": {
    "message_1_r2": 0.9938494515268892,
    "message_2_r2": 0.9933804742939103
  },
  "linear_0.85": {
    "message_1_r2": 0.5926381698432726,
    "message_2_r2": 0.3489713821005299
  },
  "cosine_0.65": {
    "message_1_r2": 0.9980563065203345,
    "message_2_r2": 0.9973397756972913
  },
  "cosine_0.75": {
    "message_1_r2": 0.9948748730663558,
    "message_2_r2": 0.9948851964713303
  },
  "cosine_0.85": {
    "message_1_r2": 0.9876347651642182,
    "message_2_r2": 0.953285753308007
  }
}