{
  "exp_0.65": {
    "message_1_r2": 0.7296076416969299,
    "message_2_r2": 0.6147977113723755
  },
  "exp_0.75": {
    "message_1_r2": 0.7493351697921753,
    "message_2_r2": 0.5987237095832825
  },
  "exp_0.85": {
    "message_1_r2": 0.4997791051864624,
    "message_2_r2": 0.44079309701919556
  },
  "linear_0.65": {
    "message_1_r2": 0.784773051738739,
    "message_2_r2": 0.5509433150291443
  },
  "linear_0.75": {
    "message_1_r2": 0.5830321311950684,
    "message_2_r2": 0.6401222944259644
  },
  "linear_0.85": {
    "message_1_r2": 0.20603716373443604,
    "message_2_r2": 0.0565372109413147
  },
  "cosine_0.65": {
    "message_1_r2": 0.7913058400154114,
    "message_2_r2": 0.5822243690490723
  },
  "cosine_0.75": {
    "message_1_r2": 0.7728174328804016,
    "message_2_r2": 0.688130795955658
  },
  "cosine_0.85": {
    "message_1_r2": 0.7020604610443115,
    "message_2_r2": 0.4496987462043762
  }
}