{
  "standard": {
    "robust message_1_r2": 0.7620280375503865,
    "robust message_2_r2": 0.17052060108782052,
    "message_1_r2": 0.018030822277069092,
    "message_2_r2": 0.0014848709106445312
  },
  "bottleneck": {
    "robust message_1_r2": 0.9955353248727749,
    "robust message_2_r2": 0.9951112948989761,
    "message_1_r2": 0.5800299644470215,
    "message_2_r2": 0.5453100204467773
  },
  "L1": {
    "robust message_1_r2": 0.4596434363312899,
    "robust message_2_r2": 0.9249599856408269,
    "message_1_r2": 0.3811097741127014,
    "message_2_r2": 0.07777392864227295
  },
  "KL": {
    "robust message_1_r2": 0.0,
    "robust message_2_r2": 0.0,
    "message_1_r2": 1.0,
    "message_2_r2": 1.0
  },
  "pruning": {
    "robust message_1_r2": 0.9980563065203345,
    "robust message_2_r2": 0.9973397756972913,
    "message_1_r2": 0.7913058400154114,
    "message_2_r2": 0.5822243690490723
  }
}