{
  "standard": {
    "robust message_1_r2": 0.7598345708644139,
    "robust message_2_r2": 0.17141046803095616,
    "message_1_r2": 0.01845991611480713,
    "message_2_r2": 0.0014646053314208984
  },
  "bottleneck": {
    "robust message_1_r2": 0.9957004549669999,
    "robust message_2_r2": 0.9953779222898658,
    "message_1_r2": 0.4842817783355713,
    "message_2_r2": 0.4240850806236267
  },
  "L1": {
    "robust message_1_r2": 0.5532975299444549,
    "robust message_2_r2": 0.9262305864018159,
    "message_1_r2": 0.3797839879989624,
    "message_2_r2": 0.07621431350708008
  },
  "KL": {
    "robust message_1_r2": 0.006708688238958649,
    "robust message_2_r2": 0.036646052057186296,
    "message_1_r2": 0.20479744672775269,
    "message_2_r2": 0.2870315909385681
  },
  "pruning": {
    "robust message_1_r2": 0.9980327060759193,
    "robust message_2_r2": 0.997342621708836,
    "message_1_r2": 0.7995702028274536,
    "message_2_r2": 0.570296585559845
  }
}