{
  "standard": {
    "message_1_r2": 0.7620280375503865,
    "message_2_r2": 0.17052060108782052
  },
  "bottleneck": {
    "message_1_r2": 0.9955353248727749,
    "message_2_r2": 0.9951112948989761
  },
  "L1": {
    "message_1_r2": 0.4596434363312899,
    "message_2_r2": 0.9249599856408269
  },
  "KL": {
    "message_1_r2": 0.0,
    "message_2_r2": 0.0
  }
}