{
  "standard": {
    "robust message_1_r2": 0.869706756827088,
    "robust message_2_r2": 0.8768946594192009,
    "message_1_r2": 0.00038498640060424805,
    "message_2_r2": 0.0022422075271606445
  },
  "bottleneck": {
    "robust message_1_r2": 0.9821751752552842,
    "robust message_2_r2": 0.9796116641574805,
    "message_1_r2": 0.456707239151001,
    "message_2_r2": 0.4548850655555725
  },
  "L1": {
    "robust message_1_r2": 0.7168075441948043,
    "robust message_2_r2": 0.7897359281813479,
    "message_1_r2": 0.013620615005493164,
    "message_2_r2": 0.005767703056335449
  },
  "KL": {
    "robust message_1_r2": 0.8516085045756219,
    "robust message_2_r2": 0.8419661087732259,
    "message_1_r2": 0.21124303340911865,
    "message_2_r2": 0.16510093212127686
  },
  "pruning": {
    "robust message_1_r2": 0.9732584355439077,
    "robust message_2_r2": 0.9630675624782427,
    "message_1_r2": 0.47554051876068115,
    "message_2_r2": 0.453169584274292
  }
}