{
  "standard": {
    "message_1_r2": 0.8482635281359237,
    "message_2_r2": 0.8174951430618002
  },
  "bottleneck": {
    "message_1_r2": 0.9727413406934333,
    "message_2_r2": 0.9615578154246431
  },
  "L1": {
    "message_1_r2": 0.7997279164013857,
    "message_2_r2": 0.8608357524972247
  },
  "KL": {
    "message_1_r2": 0.8907946786347662,
    "message_2_r2": 0.8409715080831592
  }
}