{
  "standard": {
    "robust message_1_r2": 0.8482635114557276,
    "robust message_2_r2": 0.8174951176140698,
    "message_1_r2": 0.00013625621795654297,
    "message_2_r2": 0.002445697784423828
  },
  "bottleneck": {
    "robust message_1_r2": 0.9727413459267774,
    "robust message_2_r2": 0.9615578168162833,
    "message_1_r2": 0.3961685299873352,
    "message_2_r2": 0.3722369074821472
  },
  "L1": {
    "robust message_1_r2": 0.7997279340757706,
    "robust message_2_r2": 0.8608357557359188,
    "message_1_r2": 0.01663684844970703,
    "message_2_r2": 0.006374657154083252
  },
  "KL": {
    "robust message_1_r2": 0.8907946501782328,
    "robust message_2_r2": 0.8409714982125863,
    "message_1_r2": 0.2065035104751587,
    "message_2_r2": 0.20673531293869019
  }
}