{
  "standard": {
    "robust message_1_r2": 0.9394631503188866,
    "robust message_2_r2": 0.9004378237447839,
    "message_1_r2": 0.6900906562805176,
    "message_2_r2": 0.7061676979064941
  },
  "bottleneck": {
    "robust message_1_r2": 0.9999842444800633,
    "robust message_2_r2": 0.9999856982089951,
    "message_1_r2": 0.9986045956611633,
    "message_2_r2": 0.9881490468978882
  },
  "L1": {
    "robust message_1_r2": 0.9963035766425898,
    "robust message_2_r2": 0.999437909855463,
    "message_1_r2": 0.9907737970352173,
    "message_2_r2": 0.9955487847328186
  },
  "KL": {
    "robust message_1_r2": 0.7954917221907802,
    "robust message_2_r2": 0.8059033634522965,
    "message_1_r2": 0.6486320495605469,
    "message_2_r2": 0.6468155384063721
  },
  "pruning": {
    "robust message_1_r2": 0.9548117464716592,
    "robust message_2_r2": 0.9501806949108872,
    "message_1_r2": 0.6851543188095093,
    "message_2_r2": 0.6781023740768433
  }
}