{
  "standard": {
    "message_1_r2": 0.9394961245550449,
    "message_2_r2": 0.8997192746711358
  },
  "bottleneck": {
    "message_1_r2": 0.9999841472075357,
    "message_2_r2": 0.9999856380106591
  },
  "L1": {
    "message_1_r2": 0.9962866561443358,
    "message_2_r2": 0.9994360747918455
  },
  "KL": {
    "message_1_r2": 0.794526980652229,
    "message_2_r2": 0.8081979528957913
  }
}