{
  "standard": {
    "robust message_1_r2": 0.939496142302318,
    "robust message_2_r2": 0.8997192919026065,
    "message_1_r2": 0.6879106163978577,
    "message_2_r2": 0.708165168762207
  },
  "bottleneck": {
    "robust message_1_r2": 0.9999841472088359,
    "robust message_2_r2": 0.9999856380092771,
    "message_1_r2": 0.9985800981521606,
    "message_2_r2": 0.9885730147361755
  },
  "L1": {
    "robust message_1_r2": 0.9962866562564767,
    "robust message_2_r2": 0.9994360745925264,
    "message_1_r2": 0.9906853437423706,
    "message_2_r2": 0.9956703186035156
  },
  "KL": {
    "robust message_1_r2": 0.7945269459386737,
    "robust message_2_r2": 0.8081979413843363,
    "message_1_r2": 0.6495177745819092,
    "message_2_r2": 0.6479191780090332
  },
  "pruning": {
    "robust message_1_r2": 0.9545286794717915,
    "robust message_2_r2": 0.9499408823439652,
    "message_1_r2": 0.6855021119117737,
    "message_2_r2": 0.6835370659828186
  }
}