{
  "standard": {
    "message_1_r2": 0.8043690098250804,
    "message_2_r2": 0.02778615306897636
  },
  "bottleneck": {
    "message_1_r2": 0.8363621055880859,
    "message_2_r2": 0.8372454674879162
  },
  "L1": {
    "message_1_r2": 0.8402016620382773,
    "message_2_r2": 0.8350306197959193
  },
  "KL": {
    "message_1_r2": 0.5996925971123823,
    "message_2_r2": 0.5853184416786027
  }
}