{
  "standard": {
    "robust message_1_r2": 0.8027484516656789,
    "robust message_2_r2": 0.029268145163550585,
    "message_1_r2": 0.33754831552505493,
    "message_2_r2": 0.00251084566116333
  },
  "bottleneck": {
    "robust message_1_r2": 0.8393963899421195,
    "robust message_2_r2": 0.8383411490762283,
    "message_1_r2": 0.3799794316291809,
    "message_2_r2": 0.3961164355278015
  },
  "L1": {
    "robust message_1_r2": 0.8437345272248239,
    "robust message_2_r2": 0.8466826013493303,
    "message_1_r2": 0.39793020486831665,
    "message_2_r2": 0.3668328523635864
  },
  "KL": {
    "robust message_1_r2": 0.6039927592549674,
    "robust message_2_r2": 0.588136985976174,
    "message_1_r2": 0.18626946210861206,
    "message_2_r2": 0.1714799404144287
  },
  "pruning": {
    "robust message_1_r2": 0.8496261186161244,
    "robust message_2_r2": 0.8371641741224359,
    "message_1_r2": 0.39113563299179077,
    "message_2_r2": 0.3809691071510315
  }
}