{
  "standard": {
    "robust message_1_r2": 0.7999581880024905,
    "robust message_2_r2": 0.028590229951279578,
    "message_1_r2": 0.28935086727142334,
    "message_2_r2": 0.0029831528663635254
  },
  "bottleneck": {
    "robust message_1_r2": 0.840119761185635,
    "robust message_2_r2": 0.8372464148528282,
    "message_1_r2": 0.3393981456756592,
    "message_2_r2": 0.35988759994506836
  },
  "L1": {
    "robust message_1_r2": 0.8438202378588346,
    "robust message_2_r2": 0.8383323958255293,
    "message_1_r2": 0.342013955116272,
    "message_2_r2": 0.35126549005508423
  },
  "KL": {
    "robust message_1_r2": 0.6003209806840795,
    "robust message_2_r2": 0.5867409228532522,
    "message_1_r2": 0.18001997470855713,
    "message_2_r2": 0.13611233234405518
  },
  "pruning": {
    "robust message_1_r2": 0.8401695684987206,
    "robust message_2_r2": 0.8348998182988996,
    "message_1_r2": 0.35707974433898926,
    "message_2_r2": 0.35696905851364136
  }
}